order id,,,date,total,shipping,shipping_refund,gift,VAT,GST,PST,refund
D01-8036143-1581066,,,2019-12-22,CDN$0.00,0,0,0,0,0,Item(s) Subtotal: CDN$ 48.81                1 Audible Credit Applied: -CDN$ 48.81                        ----          Total Before Tax: CDN$ 0.00Tax (GST/HST): CDN$ 0.00Tax (PST/RST/QST): CDN$ 0.00    ----   Total for this Order: CDN$ 0.00,0
D01-7991763-5821025,,,2019-12-22,CDN$0.00,0,0,0,0,0,Item(s) Subtotal: CDN$ 0.00        ----          Total Before Tax: CDN$ 0.00Tax (GST/HST): CDN$ 0.00Tax (PST/RST/QST): CDN$ 0.00    ----   Total for this Order: CDN$ 0.00,0
701-2164200-1845814,,,2019-12-05,CDN$62.69,CDN$ 0.00,0,0,CDN$ 62.69,0,CDN$ 0.00,0
701-6565022-5581029,,,2019-11-13,CDN$23.71,CDN$ 12.73,0,0,CDN$ 23.71,0,CDN$ 0.00,0
701-1345852-3714647,,,2019-11-13,CDN$41.80,CDN$ 0.00,0,0,CDN$ 36.99,0,CDN$ 0.00,0
701-1826696-2359436,,,2019-10-19,CDN$38.21,CDN$ 12.00,0,0,CDN$ 38.21,0,CDN$ 0.00,0
701-4986550-2783436,,,2019-10-17,CDN$39.70,CDN$ 6.99,0,0,CDN$ 39.70,0,CDN$ 0.00,0
701-6680863-6783424,,,2019-09-07,CDN$4.03,CDN$ 0.00,0,0,CDN$ 3.57,0,CDN$ 0.00,0
701-4002158-0660231,,,2019-07-29,CDN$38.98,CDN$ 0.00,0,0,CDN$ 38.98,0,CDN$ 0.00,0
701-0670726-1958632,,,2019-07-09,CDN$31.63,CDN$ 0.00,0,0,CDN$ 29.14,0,CDN$ 0.00,0
701-0395917-7857866,,,2019-07-01,CDN$49.05,CDN$ 0.00,0,0,CDN$ 43.41,0,CDN$ 0.00,0
D01-7291275-3213060,,,2019-06-30,CDN$0.00,0,0,0,0,0,Item(s) Subtotal: CDN$ 38.04                1 Audible Credit Applied: -CDN$ 38.04                        ----          Total Before Tax: CDN$ 0.00Tax (GST/HST): CDN$ 0.00Tax (PST/RST/QST): CDN$ 0.00    ----   Total for this Order: CDN$ 0.00,0
D01-1884694-6835406,,,2019-06-30,CDN$14.95,0,0,0,0,0,Item(s) Subtotal: CDN$ 14.95        ----          Total Before Tax: CDN$ 14.95Tax (GST/HST): CDN$ 0.00Tax (PST/RST/QST): CDN$ 0.00    ----   Total for this Order: CDN$ 14.95,0
D01-5241949-6950604,,,2019-06-19,CDN$0.00,0,0,0,0,0,Item(s) Subtotal: CDN$ 31.69                1 Audible Credit Applied: -CDN$ 31.69                        ----          Total Before Tax: CDN$ 0.00Tax (GST/HST): CDN$ 0.00Tax (PST/RST/QST): CDN$ 0.00    ----   Total for this Order: CDN$ 0.00,0
701-7506968-0116215,,,2019-06-02,CDN$53.18,CDN$ 12.95,0,0,CDN$ 53.18,0,CDN$ 0.00,0
701-1186985-2215448,,,2019-06-02,CDN$27.11,CDN$ 0.00,0,0,CDN$ 23.99,0,CDN$ 0.00,0
D01-3476079-6336250,,,2019-05-31,CDN$0.00,0,0,0,0,0,Item(s) Subtotal: CDN$ 20.29                1 Audible Credit Applied: -CDN$ 20.29                        ----          Total Before Tax: CDN$ 0.00Tax (GST/HST): CDN$ 0.00Tax (PST/RST/QST): CDN$ 0.00    ----   Total for this Order: CDN$ 0.00,0
D01-3201537-3347412,,,2019-05-31,CDN$14.95,0,0,0,0,0,Item(s) Subtotal: CDN$ 14.95        ----          Total Before Tax: CDN$ 14.95Tax (GST/HST): CDN$ 0.00Tax (PST/RST/QST): CDN$ 0.00    ----   Total for this Order: CDN$ 14.95,0
D01-2442810-5622665,,,2019-05-29,CDN$0.00,0,0,0,0,0,Item(s) Subtotal: CDN$ 26.30                1 Audible Credit Applied: -CDN$ 26.30                        ----          Total Before Tax: CDN$ 0.00Tax (GST/HST): CDN$ 0.00Tax (PST/RST/QST): CDN$ 0.00    ----   Total for this Order: CDN$ 0.00,0
D01-8929876-8720269,,,2019-05-21,CDN$14.95,0,0,0,0,0,Item(s) Subtotal: CDN$ 14.95        ----          Total Before Tax: CDN$ 14.95Tax (GST/HST): CDN$ 0.00Tax (PST/RST/QST): CDN$ 0.00    ----   Total for this Order: CDN$ 14.95,0
701-4210133-8610628,,,2019-04-02,CDN$74.40,CDN$ 5.85,0,0,CDN$ 65.84,0,CDN$ 0.00,0
D01-0840114-3526650,,,2019-03-21,CDN$14.95,0,0,0,0,0,Item(s) Subtotal: CDN$ 14.95        ----          Total Before Tax: CDN$ 14.95Tax (GST/HST): CDN$ 0.00Tax (PST/RST/QST): CDN$ 0.00    ----   Total for this Order: CDN$ 14.95,0
701-2099799-3601824,,,2019-03-08,CDN$17.88,CDN$ 5.89,0,0,CDN$ 17.88,0,CDN$ 0.00,0
701-8068697-1909056,,,2019-03-08,CDN$20.41,CDN$ 4.41,0,0,CDN$ 20.41,0,CDN$ 0.00,0
701-3901192-2749041,,,2019-03-07,CDN$22.50,CDN$ 4.51,0,0,CDN$ 22.50,0,CDN$ 0.00,0
701-0848719-3293042,,,2019-02-10,CDN$65.84,CDN$ 5.85,0,0,CDN$ 65.84,0,CDN$ 0.00,0
D01-6472430-5312252,,,2019-01-21,CDN$14.95,0,0,0,0,0,Item(s) Subtotal: CDN$ 14.95        ----          Total Before Tax: CDN$ 14.95Tax (GST/HST): CDN$ 0.00Tax (PST/RST/QST): CDN$ 0.00    ----   Total for this Order: CDN$ 14.95,0
701-0667880-8339442,,,2019-05-19,CDN$19.98,CDN$ 0.00,0,0,CDN$ 19.98,0,CDN$ 0.00,0
701-7929040-4078614,,,2019-05-19,CDN$19.95,CDN$ 0.00,0,0,CDN$ 19.95,0,CDN$ 0.00,0
701-8830580-5411427,,,2019-05-13,CDN$86.87,CDN$ 23.98,0,0,CDN$ 86.87,0,CDN$ 0.00,0
701-3812481-6329801,,,2019-05-13,CDN$18.59,CDN$ 0.00,0,0,CDN$ 18.59,0,CDN$ 0.00,0
701-8841792-7278628,,,2019-05-01,CDN$9.23,CDN$ 0.00,0,0,CDN$ 9.23,0,CDN$ 0.00,0
701-2378492-0173031,,,2019-05-01,CDN$9.88,CDN$ 0.00,0,0,CDN$ 9.88,0,CDN$ 0.00,0
701-1669636-0125068,,,2019-05-01,CDN$3.67,CDN$ 0.00,0,0,CDN$ 3.67,0,CDN$ 0.00,0
701-0570551-3401030,,,2019-05-01,CDN$283.09,CDN$ 0.00,0,0,CDN$ 250.52,0,CDN$ 0.00,0
701-4736915-2993822,,,2019-04-25,CDN$352.67,CDN$ 0.00,0,0,CDN$ 312.10,0,CDN$ 0.00,0
D01-5927761-7321830,,,2019-04-21,CDN$14.95,0,0,0,0,0,Item(s) Subtotal: CDN$ 14.95        ----          Total Before Tax: CDN$ 14.95Tax (GST/HST): CDN$ 0.00Tax (PST/RST/QST): CDN$ 0.00    ----   Total for this Order: CDN$ 14.95,0
701-7114613-7945067,,,2020-12-28,CDN$9.62,CDN$ 0.00,0,0,CDN$ 8.51,0,CDN$ 0.00,0
701-6966617-9039413,,,2020-12-26,CDN$18.99,CDN$ 0.00,0,0,CDN$ 18.99,0,CDN$ 0.00,0
701-7927133-7767426,,,2020-12-26,CDN$35.99,CDN$ 0.00,0,0,CDN$ 35.99,0,CDN$ 0.00,0
701-7107999-7657068,,,2020-12-08,CDN$151.61,CDN$ 6.99,-CDN$ 6.99,0,CDN$ 151.61,0,CDN$ 0.00,0
701-1782658-5205039,,,2020-12-08,CDN$2.79,CDN$ 0.00,0,0,CDN$ 2.47,0,CDN$ 0.00,0
701-9489407-5866644,,,2020-11-16,CDN$27.99,CDN$ 0.00,0,0,CDN$ 27.99,0,CDN$ 0.00,0
702-5187523-5218647,,,2020-11-07,CDN$80.38,CDN$ 12.98,0,0,CDN$ 80.38,0,CDN$ 0.00,0
702-0017653-0447432,,,2020-10-30,CDN$51.55,CDN$ 0.00,0,0,CDN$ 49.99,0,CDN$ 0.00,0
702-7144507-7920243,,,2020-09-28,CDN$28.99,CDN$ 6.99,-CDN$ 6.99,0,CDN$ 28.99,0,CDN$ 0.00,0
702-6714290-9057800,,,2020-09-19,CDN$13.97,CDN$ 0.00,0,0,CDN$ 13.97,0,CDN$ 0.00,0
702-7711305-3736262,,,2020-09-07,CDN$93.97,CDN$ 0.00,0,0,CDN$ 93.97,0,CDN$ 0.00,0
702-0245487-3376219,,,2020-09-02,CDN$67.96,CDN$ 6.99,-CDN$ 6.99,0,CDN$ 67.96,0,CDN$ 0.00,0
702-1319272-2223442,,,2020-08-08,CDN$83.79,CDN$ 6.99,-CDN$ 6.99,0,CDN$ 83.79,0,CDN$ 0.00,0
702-4875059-6147400,,,2020-08-06,CDN$50.42,CDN$ 6.99,-CDN$ 6.99,0,CDN$ 50.42,0,CDN$ 0.00,0
702-4752760-1434666,,,2020-07-23,CDN$27.08,CDN$ 0.00,0,0,CDN$ 23.96,0,CDN$ 0.00,0
702-2758185-2968259,,,2020-06-28,CDN$28.99,CDN$ 0.00,0,0,CDN$ 28.99,0,CDN$ 0.00,0
702-3499472-3581804,,,2020-06-25,CDN$56.98,CDN$ 0.00,0,0,CDN$ 56.98,0,CDN$ 0.00,0
702-1343689-6317850,,,2020-06-21,CDN$62.14,CDN$ 0.00,0,0,CDN$ 54.99,0,CDN$ 0.00,0
702-0848895-6189837,,,2020-06-14,CDN$65.00,CDN$ 0.00,0,0,CDN$ 65.00,0,CDN$ 0.00,0
702-0227838-0031460,,,2020-06-07,CDN$16.94,CDN$ 0.00,0,0,CDN$ 14.99,0,CDN$ 0.00,0
702-2302151-6224249,,,2020-05-29,CDN$80.97,CDN$ 6.99,0,0,CDN$ 80.97,0,CDN$ 0.00,0
702-0054280-2304232,,,2020-05-25,CDN$46.95,CDN$ 0.00,0,0,CDN$ 46.95,0,CDN$ 0.00,0
D01-3829717-0893005,,,2020-05-22,CDN$14.95,0,0,0,0,0,Item(s) Subtotal: CDN$ 14.95        ----          Total Before Tax: CDN$ 14.95Tax (GST/HST): CDN$ 0.00Tax (PST/RST/QST): CDN$ 0.00    ----   Total for this Order: CDN$ 14.95,0
702-9299703-6374651,,,2020-05-17,CDN$10.79,CDN$ 0.00,0,0,CDN$ 10.79,0,CDN$ 0.00,0
702-8782207-3041020,,,2020-05-17,CDN$20.23,CDN$ 0.00,0,0,CDN$ 17.90,0,CDN$ 0.00,0
702-6955367-4465859,,,2020-05-10,CDN$18.99,CDN$ 0.00,0,0,CDN$ 18.99,0,CDN$ 0.00,0
702-0790260-3533856,,,2020-05-10,CDN$23.11,CDN$ 0.00,0,0,CDN$ 20.45,0,CDN$ 0.00,0
702-4402657-7126656,,,2020-05-03,CDN$58.99,CDN$ 0.00,0,0,CDN$ 58.99,0,CDN$ 0.00,0
702-4204412-5081026,,,2020-04-25,CDN$103.22,CDN$ 0.00,0,0,CDN$ 103.22,0,CDN$ 0.00,0
D01-3975449-6409859,,,2020-04-22,CDN$14.95,0,0,0,0,0,Item(s) Subtotal: CDN$ 14.95        ----          Total Before Tax: CDN$ 14.95Tax (GST/HST): CDN$ 0.00Tax (PST/RST/QST): CDN$ 0.00    ----   Total for this Order: CDN$ 14.95,0
701-2245981-9749005,,,2020-04-16,CDN$12.84,CDN$ 0.00,0,0,CDN$ 11.36,0,CDN$ 0.00,0
701-9021610-5077041,,,2020-04-15,CDN$31.52,CDN$ 0.00,0,0,CDN$ 27.90,0,CDN$ 0.00,0
701-8378993-5251430,,,2020-04-14,CDN$22.54,CDN$ 0.00,0,0,CDN$ 19.95,0,CDN$ 0.00,0
701-3055974-5410620,,,2020-04-14,CDN$87.77,CDN$ 29.00,0,0,CDN$ 87.77,0,CDN$ 0.00,0
701-4432030-2657020,,,2020-04-13,CDN$101.69,CDN$ 0.00,0,0,CDN$ 89.99,0,CDN$ 0.00,0
701-0026742-7008230,,,2020-04-03,CDN$75.69,CDN$ 6.99,0,0,CDN$ 74.46,0,CDN$ 0.00,0
701-8639580-9041048,,,2020-03-24,CDN$18.96,CDN$ 0.00,0,0,CDN$ 18.96,0,CDN$ 0.00,0
D01-2441184-7949026,,,2020-03-22,CDN$14.95,0,0,0,0,0,Item(s) Subtotal: CDN$ 14.95        ----          Total Before Tax: CDN$ 14.95Tax (GST/HST): CDN$ 0.00Tax (PST/RST/QST): CDN$ 0.00    ----   Total for this Order: CDN$ 14.95,0
D01-5984028-5811412,,,2020-02-22,CDN$14.95,0,0,0,0,0,Item(s) Subtotal: CDN$ 14.95        ----          Total Before Tax: CDN$ 14.95Tax (GST/HST): CDN$ 0.00Tax (PST/RST/QST): CDN$ 0.00    ----   Total for this Order: CDN$ 14.95,0
D01-1119863-6934601,,,2020-01-22,CDN$14.95,0,0,0,0,0,Item(s) Subtotal: CDN$ 14.95        ----          Total Before Tax: CDN$ 14.95Tax (GST/HST): CDN$ 0.00Tax (PST/RST/QST): CDN$ 0.00    ----   Total for this Order: CDN$ 14.95,0
701-3052522-6854643,,,2020-01-04,CDN$29.84,CDN$ 6.99,0,0,CDN$ 29.84,0,CDN$ 0.00,0
701-0705574-0033867,,,2021-12-29,CDN$45.19,CDN$ 0.00,0,0,CDN$ 39.99,0,CDN$ 0.00,0
702-6041686-6227454,,,2021-12-20,CDN$86.36,CDN$ 0.00,0,0,CDN$ 76.42,0,CDN$ 0.00,0
702-7769471-0172229,,,2021-12-15,CDN$21.35,CDN$ 0.00,0,0,CDN$ 18.89,0,CDN$ 0.00,0
702-4284270-9076243,,,2021-11-25,CDN$90.39,CDN$ 0.00,0,0,CDN$ 79.99,0,CDN$ 0.00,0
702-7419100-7566613,,,2021-11-19,CDN$29.81,CDN$ 0.00,0,0,CDN$ 26.38,0,CDN$ 0.00,0
702-9967311-2241827,,,2021-11-12,CDN$67.79,CDN$ 6.99,-CDN$ 6.99,0,CDN$ 59.99,0,CDN$ 0.00,0
702-8977716-4833024,,,2021-11-09,CDN$14.99,CDN$ 0.00,0,0,CDN$ 14.99,0,CDN$ 0.00,0
702-1993289-7204239,,,2021-11-09,CDN$42.93,CDN$ 0.00,0,0,CDN$ 37.99,0,CDN$ 0.00,0
702-9311673-1349811,,,2021-11-08,CDN$40.67,CDN$ 0.00,0,0,CDN$ 35.99,0,CDN$ 0.00,0
702-4675451-1871438,,,2021-11-08,CDN$28.58,CDN$ 0.00,0,0,CDN$ 28.58,0,CDN$ 0.00,0
702-1916154-6396229,,,2021-11-08,CDN$90.37,CDN$ 0.00,0,0,CDN$ 79.97,0,CDN$ 0.00,0
702-3225704-0606625,,,2021-11-05,CDN$56.21,CDN$ 12.98,0,0,CDN$ 56.21,0,CDN$ 0.00,0
702-3758085-3754637,,,2021-10-30,CDN$51.96,CDN$ 6.99,-CDN$ 6.99,0,CDN$ 45.98,0,CDN$ 0.00,0
702-3034832-4445830,,,2021-10-26,CDN$18.75,CDN$ 0.00,0,0,CDN$ 16.59,0,CDN$ 0.00,0
702-4621285-9183455,,,2021-10-19,CDN$12.99,CDN$ 0.00,0,0,CDN$ 12.99,0,CDN$ 0.00,0
702-7541984-0556253,,,2021-10-15,CDN$113.33,CDN$ 0.00,0,0,CDN$ 100.29,0,CDN$ 0.00,0
702-1044682-1081016,,,2021-10-15,CDN$20.20,CDN$ 0.00,0,0,CDN$ 17.88,0,CDN$ 0.00,0
702-8272198-4789062,,,2021-09-28,CDN$17.94,CDN$ 0.00,0,0,CDN$ 15.88,0,CDN$ 0.00,0
702-8464795-2437062,,,2021-09-22,CDN$31.36,CDN$ 0.00,0,0,CDN$ 31.36,0,CDN$ 0.00,0
702-3403632-1118643,,,2021-09-22,CDN$80.21,CDN$ 6.99,-CDN$ 6.99,0,CDN$ 70.98,0,CDN$ 0.00,0
701-2765260-4501836,,,2021-03-04,CDN$24.99,CDN$ 0.00,0,0,CDN$ 24.99,0,CDN$ 0.00,0
701-9429560-0314651,,,2021-02-22,CDN$12.84,CDN$ 0.00,0,0,CDN$ 11.36,0,CDN$ 0.00,0
701-7785631-1983444,,,2021-02-10,CDN$52.60,CDN$ 0.00,0,0,CDN$ 52.60,0,CDN$ 0.00,0
701-9741264-4625801,,,2021-02-06,CDN$45.98,CDN$ 6.99,-CDN$ 6.99,CDN$ 4.99,CDN$ 45.98,0,CDN$ 0.00,0
701-6405560-2487422,,,2021-02-03,CDN$78.86,CDN$ 6.99,-CDN$ 6.99,0,CDN$ 72.36,0,CDN$ 0.00,0
701-1102489-1078645,,,2021-02-03,CDN$17.99,CDN$ 0.00,0,0,CDN$ 17.99,0,CDN$ 0.00,0
701-5545370-3425847,,,2021-01-25,CDN$38.94,CDN$ 6.99,-CDN$ 6.99,0,CDN$ 38.94,0,CDN$ 0.00,0
701-5532580-2722664,,,2021-01-07,CDN$42.95,CDN$ 6.99,-CDN$ 6.99,0,CDN$ 42.95,0,CDN$ 0.00,0
701-3412917-7465056,,,2021-01-05,CDN$54.04,CDN$ 6.99,-CDN$ 6.99,CDN$ 4.99,CDN$ 48.97,0,CDN$ 0.00,0
701-4269706-9321854,,,2021-01-01,CDN$40.01,CDN$ 6.99,-CDN$ 6.99,0,CDN$ 37.70,0,CDN$ 0.00,0
702-4498631-7627437,,,2021-07-30,CDN$80.21,CDN$ 6.99,-CDN$ 6.99,0,CDN$ 70.98,0,CDN$ 0.00,0
702-8035788-6785859,,,2021-07-19,CDN$104.99,CDN$ 0.00,0,CDN$ 4.99,CDN$ 104.99,0,CDN$ 0.00,0
702-5092494-6527437,,,2021-07-17,CDN$27.52,CDN$ 0.00,0,0,CDN$ 24.35,0,CDN$ 0.00,0
702-1972800-5508257,,,2021-07-17,CDN$57.95,CDN$ 0.00,0,0,CDN$ 57.95,0,CDN$ 0.00,0
702-2415949-6233012,,,2021-07-10,CDN$77.97,CDN$ 0.00,0,0,CDN$ 69.00,0,CDN$ 0.00,0
702-7067887-3189043,,,2021-07-08,CDN$71.16,CDN$ 0.00,0,0,CDN$ 62.97,0,CDN$ 0.00,0
702-1168660-9169012,,,2021-07-08,CDN$29.61,CDN$ 0.00,0,0,CDN$ 29.61,0,CDN$ 0.00,0
702-9896586-3086647,,,2021-07-03,CDN$10.14,CDN$ 0.00,0,0,CDN$ 8.97,0,CDN$ 0.00,0
702-6247774-0923418,,,2021-06-21,CDN$68.99,CDN$ 0.00,0,0,CDN$ 68.99,0,CDN$ 0.00,0
702-3192894-6147463,,,2021-06-09,CDN$37.99,CDN$ 0.00,0,0,CDN$ 37.99,0,CDN$ 0.00,0
701-7673943-7208267,,,2021-06-06,CDN$17.17,CDN$ 5.20,0,0,CDN$ 15.19,0,CDN$ 0.00,0
701-3810512-6086615,,,2021-06-06,CDN$13.32,CDN$ 0.00,0,0,CDN$ 11.79,0,CDN$ 0.00,0
701-2157936-2847429,,,2021-06-03,CDN$31.98,CDN$ 2.99,0,0,CDN$ 31.98,0,CDN$ 0.00,0
701-1475150-3086614,,,2021-06-03,CDN$33.99,CDN$ 0.00,0,0,CDN$ 33.99,0,CDN$ 0.00,0
701-1588096-5457854,,,2021-05-25,CDN$33.14,CDN$ 0.00,0,0,CDN$ 33.14,0,CDN$ 0.00,0
701-0889463-4014601,,,2021-05-25,CDN$39.98,CDN$ 0.00,0,0,CDN$ 39.98,0,CDN$ 0.00,0
701-1942316-2231410,,,2021-05-21,CDN$62.97,CDN$ 6.99,-CDN$ 6.99,0,CDN$ 62.97,0,CDN$ 0.00,0
701-2315281-3736247,,,2021-05-16,CDN$106.43,CDN$ 0.00,0,0,CDN$ 98.56,0,CDN$ 0.00,0
701-6822387-0801853,,,2021-05-02,CDN$73.97,CDN$ 0.00,0,0,CDN$ 73.97,0,CDN$ 0.00,0
701-4903187-6228229,,,2021-05-02,CDN$52.58,CDN$ 6.99,-CDN$ 6.99,0,CDN$ 48.81,0,CDN$ 0.00,0
701-9211491-8163441,,,2021-05-01,CDN$47.98,CDN$ 0.00,0,0,CDN$ 47.98,0,CDN$ 0.00,0
701-4857452-2141836,,,2021-04-30,CDN$71.26,CDN$ 0.00,0,0,CDN$ 67.32,0,CDN$ 0.00,0
701-5319320-5262646,,,2021-04-22,CDN$237.91,CDN$ 0.00,0,0,CDN$ 237.91,0,CDN$ 0.00,0
701-9058300-1621807,,,2021-04-02,CDN$31.62,CDN$ 6.99,0,0,CDN$ 27.98,0,CDN$ 0.00,0
701-2182757-0525010,,,2021-04-02,CDN$21.49,CDN$ 0.00,0,0,CDN$ 21.49,0,CDN$ 0.00,0
701-9678056-7278654,,,2021-03-27,CDN$29.99,CDN$ 0.00,0,0,CDN$ 29.99,0,CDN$ 0.00,0
701-7969281-9934630,,,2021-03-21,CDN$23.99,CDN$ 6.99,-CDN$ 6.99,0,CDN$ 23.99,0,CDN$ 0.00,0
701-8257471-1428205,,,2021-03-06,CDN$31.62,CDN$ 0.00,0,CDN$ 4.99,CDN$ 27.98,0,CDN$ 0.00,0
701-4207325-9441839,,,2021-03-06,CDN$21.99,CDN$ 6.99,-CDN$ 6.99,0,CDN$ 21.99,0,CDN$ 0.00,0
701-3373926-6429038,,,2021-03-04,CDN$25.30,CDN$ 6.99,-CDN$ 6.99,0,CDN$ 25.30,0,CDN$ 0.00,0
702-7946740-7069066,,,2021-09-17,CDN$61.33,CDN$ 6.99,-CDN$ 6.99,0,CDN$ 54.27,0,CDN$ 0.00,0
702-4668682-6657049,,,2021-09-17,CDN$146.89,CDN$ 0.00,0,0,CDN$ 129.99,0,CDN$ 0.00,0
702-2888394-1511450,,,2021-09-14,CDN$19.70,CDN$ 0.00,0,0,CDN$ 19.70,0,CDN$ 0.00,0
702-0146740-7009007,,,2021-09-14,CDN$47.44,CDN$ 6.99,-CDN$ 6.99,0,CDN$ 41.98,0,CDN$ 0.00,0
702-7121446-4863408,,,2021-09-10,CDN$70.55,CDN$ 6.99,-CDN$ 6.99,0,CDN$ 62.43,0,CDN$ 0.00,0
702-6999077-5555420,,,2021-09-03,CDN$33.89,CDN$ 0.00,0,0,CDN$ 29.99,0,CDN$ 0.00,0
702-1027976-9401013,,,2021-09-02,CDN$55.74,CDN$ 0.00,0,0,CDN$ 49.33,0,CDN$ 0.00,0
702-2149287-8485819,,,2021-08-16,CDN$46.31,CDN$ 6.99,-CDN$ 6.99,0,CDN$ 40.98,0,CDN$ 0.00,0
702-8806901-3734627,,,2021-08-12,CDN$67.98,CDN$ 12.98,0,0,CDN$ 67.98,0,CDN$ 0.00,0
702-7152957-9923422,,,2021-08-12,CDN$22.54,CDN$ 0.00,0,0,CDN$ 19.95,0,CDN$ 0.00,0
701-9743399-3115466,,,2022-10-16,CDN$70.04,CDN$ 6.99,-CDN$ 6.99,0,CDN$ 61.98,0,CDN$ 0.00,0
701-0892270-9089014,,,2022-10-16,CDN$30.47,CDN$ 0.00,0,0,CDN$ 31.38,0,CDN$ 0.00,0
701-0115099-0908264,,,2022-09-30,CDN$38.41,CDN$ 0.00,0,0,CDN$ 33.99,0,CDN$ 0.00,0
701-8492095-0875426,,,2022-09-25,CDN$79.01,CDN$ 6.99,-CDN$ 6.99,0,CDN$ 69.92,0,CDN$ 0.00,0
701-2262138-9056269,,,2022-09-25,CDN$280.20,CDN$ 0.00,0,0,CDN$ 249.99,0,CDN$ 0.00,0
701-5823067-6852226,,,2022-09-23,CDN$40.19,CDN$ 0.00,0,0,CDN$ 35.99,0,CDN$ 0.00,0
701-4876742-0352246,,,2022-09-17,CDN$40.86,CDN$ 0.00,0,0,CDN$ 39.98,0,CDN$ 0.00,0
701-9685766-7632263,,,2022-08-31,CDN$42.30,CDN$ 0.00,0,0,CDN$ 38.99,0,CDN$ 0.00,0
701-1945801-3744224,,,2022-08-15,CDN$127.99,CDN$ 20.00,0,0,CDN$ 127.99,0,CDN$ 0.00,0
701-4638188-8365063,,,2022-08-13,CDN$35.78,CDN$ 6.99,-CDN$ 6.99,0,CDN$ 40.99,0,CDN$ 0.00,0
701-2263103-0717064,,,2022-07-29,CDN$48.58,CDN$ 0.00,0,0,CDN$ 42.99,0,CDN$ 0.00,0
701-7285485-0206666,,,2022-07-23,CDN$41.80,CDN$ 0.00,0,0,CDN$ 36.99,0,CDN$ 0.00,0
701-5561581-6232213,,,2022-07-23,CDN$44.05,CDN$ 6.99,-CDN$ 6.99,0,CDN$ 38.98,0,CDN$ 0.00,0
701-9195536-2063456,,,2022-07-15,CDN$86.97,CDN$ 0.00,0,0,CDN$ 76.96,0,CDN$ 0.00,0
701-1986341-2985859,,,2022-07-05,CDN$50.84,CDN$ 0.00,0,0,CDN$ 44.99,0,CDN$ 0.00,0
701-5933577-9131403,,,2022-06-28,CDN$22.59,CDN$ 0.00,0,0,CDN$ 19.99,0,CDN$ 0.00,0
701-7023505-7376248,,,2022-06-26,CDN$11.76,CDN$ 0.00,0,0,CDN$ 14.99,0,CDN$ 0.00,0
701-4597286-3800232,,,2022-06-26,CDN$86.99,CDN$ 20.00,0,0,CDN$ 86.99,0,CDN$ 0.00,0
701-0862730-3549006,,,2022-06-26,CDN$27.08,CDN$ 6.99,-CDN$ 6.99,0,CDN$ 23.96,0,CDN$ 0.00,0
701-0081045-0525815,,,2022-06-16,CDN$22.59,CDN$ 0.00,0,0,CDN$ 19.99,0,CDN$ 0.00,0
701-7858766-0534627,,,2022-06-10,CDN$101.69,CDN$ 0.00,0,0,CDN$ 89.99,0,CDN$ 0.00,0
701-2780163-8644256,,,2022-06-10,CDN$55.31,CDN$ 0.00,0,0,CDN$ 52.04,0,CDN$ 0.00,0
701-0425624-7277838,,,2022-06-05,CDN$45.19,CDN$ 0.00,0,0,CDN$ 39.99,0,CDN$ 0.00,0
701-5623425-4372269,,,2022-05-31,CDN$24.64,CDN$ 0.00,0,0,CDN$ 69.48,0,CDN$ 0.00,CDN$ 0.27
701-0086789-1659427,,,2022-05-31,CDN$11.29,CDN$ 0.00,0,0,CDN$ 9.99,0,CDN$ 0.00,0
701-6304199-6519438,,,2022-05-17,CDN$30.50,CDN$ 0.00,0,0,CDN$ 26.99,0,CDN$ 0.00,0
701-9038106-4621827,,,2022-05-14,CDN$113.05,CDN$ 0.00,0,0,CDN$ 110.46,0,CDN$ 0.00,0
701-8532441-2238625,,,2022-05-14,CDN$13.14,CDN$ 0.00,0,0,CDN$ 11.63,0,CDN$ 0.00,0
701-3716793-8700211,,,2022-05-14,CDN$114.08,CDN$ 6.99,-CDN$ 6.99,0,CDN$ 100.95,0,CDN$ 0.00,0
701-9735202-6071467,,,2022-05-11,CDN$42.28,CDN$ 0.00,0,0,CDN$ 37.42,0,CDN$ 0.00,0
701-2125424-4490669,,,2022-05-05,CDN$33.88,CDN$ 0.00,0,0,CDN$ 29.98,0,CDN$ 0.00,0
701-8832730-0553004,,,2022-04-24,CDN$44.06,CDN$ 0.00,0,0,CDN$ 38.99,0,CDN$ 0.00,0
701-5797896-4469009,,,2022-02-28,CDN$13.55,CDN$ 0.00,0,0,CDN$ 11.99,0,CDN$ 0.00,0
701-1828027-3899452,,,2022-02-19,CDN$12.42,CDN$ 0.00,0,0,CDN$ 10.99,0,CDN$ 0.00,0
701-6365639-6679417,,,2022-02-09,CDN$28.24,CDN$ 0.00,0,0,CDN$ 24.99,0,CDN$ 0.00,0
701-4173391-8093019,,,2022-02-03,CDN$62.13,CDN$ 0.00,0,0,CDN$ 54.98,0,CDN$ 0.00,0
701-2375140-7179426,,,2022-01-30,CDN$12.42,CDN$ 0.00,0,0,CDN$ 10.99,0,CDN$ 0.00,0
701-1569881-0211457,,,2022-01-30,CDN$32.76,CDN$ 0.00,0,0,CDN$ 28.99,0,CDN$ 0.00,0
701-3897122-7632264,,,2022-01-27,CDN$16.94,CDN$ 0.00,0,0,CDN$ 14.99,0,CDN$ 0.00,0
701-5118190-9148258,,,2022-01-15,CDN$146.89,CDN$ 0.00,0,0,CDN$ 129.99,0,CDN$ 0.00,CDN$ 146.89
701-4119633-2607437,,,2022-01-15,CDN$29.37,CDN$ 0.00,0,0,CDN$ 25.99,0,CDN$ 0.00,CDN$ 29.37
701-6198702-2514604,,,2022-01-12,CDN$12.42,CDN$ 0.00,0,0,CDN$ 10.99,0,CDN$ 0.00,0
701-5583252-8751464,,,2022-01-10,CDN$37.28,CDN$ 0.00,0,0,CDN$ 32.99,0,CDN$ 0.00,0
701-3970872-2432244,,,2022-01-08,CDN$40.61,CDN$ 0.00,0,0,CDN$ 35.94,0,CDN$ 0.00,0
701-3824806-8072260,,,2022-01-05,CDN$106.66,CDN$ 0.00,0,0,CDN$ 94.39,0,CDN$ 0.00,0
701-0906791-6367464,,,2022-01-04,CDN$51.92,CDN$ 0.00,0,0,CDN$ 48.48,0,CDN$ 0.00,0
701-5783785-7657858,,,2022-01-01,CDN$28.24,CDN$ 0.00,0,0,CDN$ 24.99,0,CDN$ 0.00,0